word_id,word,normalized_word,char_length,vowel_group_count,syllable_profile,feature_flags
1,a,a,1,1,single_syllable_like,short_vowel_like
2,about,about,5,2,two_syllable_like,final_consonant|vowel_team|contrast_letter|longer_word
3,air,air,3,1,single_syllable_like,final_consonant|vowel_team|contrast_letter
4,all,all,3,1,single_syllable_like,final_cluster|final_consonant|short_vowel_like|contrast_letter
5,always,always,6,2,two_syllable_like,final_consonant|vowel_team|contrast_letter|longer_word
6,am,am,2,1,single_syllable_like,final_consonant|short_vowel_like|contrast_letter
7,and,and,3,1,single_syllable_like,final_cluster|final_consonant|short_vowel_like|contrast_letter
8,are,are,3,1,single_syllable_like,r_controlled|contrast_letter
9,argue,argue,5,2,two_syllable_like,vowel_team|r_controlled|contrast_letter|longer_word
10,arm,arm,3,1,single_syllable_like,final_cluster|final_consonant|r_controlled|contrast_letter
11,art,art,3,1,single_syllable_like,final_cluster|final_consonant|r_controlled|contrast_letter
12,at,at,2,1,single_syllable_like,final_consonant|short_vowel_like
13,away,away,4,2,two_syllable_like,vowel_team|longer_word
14,back,back,4,1,single_syllable_like,final_cluster|final_consonant|digraph|short_vowel_like|contrast_letter
15,backing,backing,7,2,two_syllable_like,final_cluster|final_consonant|digraph|contrast_letter|longer_word
16,bad,bad,3,1,single_syllable_like,final_consonant|short_vowel_like|contrast_letter
17,bag,bag,3,1,single_syllable_like,final_consonant|short_vowel_like|contrast_letter
18,bags,bags,4,1,single_syllable_like,final_cluster|final_consonant|short_vowel_like|contrast_letter
19,bake,bake,4,1,single_syllable_like,cvc_e|contrast_letter
20,baking,baking,6,2,two_syllable_like,final_cluster|final_consonant|digraph|contrast_letter|longer_word
21,ball,ball,4,1,single_syllable_like,final_cluster|final_consonant|short_vowel_like|contrast_letter
22,ballplayer,ballplayer,10,2,two_syllable_like,final_consonant|vowel_team|contrast_letter|longer_word
23,bank,bank,4,1,single_syllable_like,final_cluster|final_consonant|digraph|short_vowel_like|contrast_letter
24,bark,bark,4,1,single_syllable_like,final_cluster|final_consonant|r_controlled|contrast_letter
25,barn,barn,4,1,single_syllable_like,final_cluster|final_consonant|r_controlled|contrast_letter
26,bat,bat,3,1,single_syllable_like,final_consonant|short_vowel_like|contrast_letter
27,bath,bath,4,1,single_syllable_like,final_cluster|final_consonant|digraph|short_vowel_like|contrast_letter
28,be,be,2,1,single_syllable_like,short_vowel_like|contrast_letter
29,beach,beach,5,1,single_syllable_like,final_cluster|final_consonant|vowel_team|digraph|contrast_letter
30,bean,bean,4,1,single_syllable_like,final_consonant|vowel_team|contrast_letter
31,bear,bear,4,1,single_syllable_like,final_consonant|vowel_team|contrast_letter
32,beat,beat,4,1,single_syllable_like,final_consonant|vowel_team|contrast_letter
33,beautiful,beautiful,9,3,multisyllable_like,final_consonant|vowel_team|contrast_letter|longer_word
34,because,because,7,2,two_syllable_like,vowel_team|contrast_letter|longer_word
35,bed,bed,3,1,single_syllable_like,final_consonant|short_vowel_like|contrast_letter
36,bedroom,bedroom,7,2,two_syllable_like,final_consonant|vowel_team|contrast_letter|longer_word
37,beds,beds,4,1,single_syllable_like,final_cluster|final_consonant|short_vowel_like|contrast_letter
38,beg,beg,3,1,single_syllable_like,final_consonant|short_vowel_like|contrast_letter
39,begin,begin,5,2,two_syllable_like,final_consonant|contrast_letter|longer_word
40,bell,bell,4,1,single_syllable_like,final_cluster|final_consonant|short_vowel_like|contrast_letter
41,bench,bench,5,1,single_syllable_like,final_cluster|final_consonant|digraph|short_vowel_like|contrast_letter
42,best,best,4,1,single_syllable_like,final_cluster|final_consonant|short_vowel_like|contrast_letter
43,bet,bet,3,1,single_syllable_like,final_consonant|short_vowel_like|contrast_letter
44,bid,bid,3,1,single_syllable_like,final_consonant|short_vowel_like|contrast_letter
45,big,big,3,1,single_syllable_like,final_consonant|short_vowel_like|contrast_letter
46,bike,bike,4,1,single_syllable_like,cvc_e|contrast_letter
47,bird,bird,4,1,single_syllable_like,final_cluster|final_consonant|r_controlled|contrast_letter
48,birdhouse,birdhouse,9,2,two_syllable_like,vowel_team|r_controlled|contrast_letter|longer_word
49,birth,birth,5,1,single_syllable_like,final_cluster|final_consonant|r_controlled|digraph|contrast_letter
50,birthday,birthday,8,2,two_syllable_like,vowel_team|r_controlled|digraph|contrast_letter|longer_word
51,bit,bit,3,1,single_syllable_like,final_consonant|short_vowel_like|contrast_letter
52,bite,bite,4,1,single_syllable_like,cvc_e|contrast_letter
53,black,black,5,1,single_syllable_like,onset_cluster|final_cluster|final_consonant|digraph|short_vowel_like|contrast_letter
54,blind,blind,5,1,single_syllable_like,onset_cluster|final_cluster|final_consonant|short_vowel_like|contrast_letter
55,blink,blink,5,1,single_syllable_like,onset_cluster|final_cluster|final_consonant|digraph|short_vowel_like|contrast_letter
56,block,block,5,1,single_syllable_like,onset_cluster|final_cluster|final_consonant|digraph|short_vowel_like|contrast_letter
57,blow,blow,4,1,single_syllable_like,onset_cluster|final_consonant|vowel_team|contrast_letter
58,blue,blue,4,1,single_syllable_like,onset_cluster|vowel_team|contrast_letter
59,boat,boat,4,1,single_syllable_like,final_consonant|vowel_team|contrast_letter
60,bob's,bobs,4,1,single_syllable_like,final_cluster|final_consonant|short_vowel_like|contrast_letter
61,boil,boil,4,1,single_syllable_like,final_consonant|vowel_team|contrast_letter
62,bone,bone,4,1,single_syllable_like,cvc_e|contrast_letter
63,book,book,4,1,single_syllable_like,final_consonant|vowel_team|contrast_letter
64,bookshelf,bookshelf,9,2,two_syllable_like,final_cluster|final_consonant|vowel_team|digraph|contrast_letter|longer_word
65,bored,bored,5,2,two_syllable_like,final_consonant|r_controlled|contrast_letter|longer_word
66,born,born,4,1,single_syllable_like,final_cluster|final_consonant|r_controlled|contrast_letter
67,box,box,3,1,single_syllable_like,final_consonant|short_vowel_like|contrast_letter
68,boy,boy,3,1,single_syllable_like,vowel_team|contrast_letter
69,boyfriend,boyfriend,9,2,two_syllable_like,final_cluster|final_consonant|vowel_team|contrast_letter|longer_word
70,brain,brain,5,1,single_syllable_like,onset_cluster|final_consonant|vowel_team|contrast_letter
71,breeze,breeze,6,1,single_syllable_like,onset_cluster|vowel_team|contrast_letter
72,brick,brick,5,1,single_syllable_like,onset_cluster|final_cluster|final_consonant|digraph|short_vowel_like|contrast_letter
73,bricks,bricks,6,1,single_syllable_like,onset_cluster|final_cluster|final_consonant|digraph|short_vowel_like|contrast_letter
74,brief,brief,5,1,single_syllable_like,onset_cluster|final_consonant|vowel_team|contrast_letter
75,bright,bright,6,1,single_syllable_like,onset_cluster|final_cluster|final_consonant|short_vowel_like|contrast_letter
76,brighter,brighter,8,2,two_syllable_like,onset_cluster|final_consonant|r_controlled|contrast_letter|longer_word
77,bring,bring,5,1,single_syllable_like,onset_cluster|final_cluster|final_consonant|digraph|short_vowel_like|contrast_letter
78,bringing,bringing,8,2,two_syllable_like,onset_cluster|final_cluster|final_consonant|digraph|contrast_letter|longer_word
79,broil,broil,5,1,single_syllable_like,onset_cluster|final_consonant|vowel_team|contrast_letter
80,broke,broke,5,1,single_syllable_like,onset_cluster|cvc_e|contrast_letter
81,brown,brown,5,1,single_syllable_like,onset_cluster|final_cluster|final_consonant|vowel_team|contrast_letter
82,bug,bug,3,1,single_syllable_like,final_consonant|short_vowel_like|contrast_letter
83,bugs,bugs,4,1,single_syllable_like,final_cluster|final_consonant|short_vowel_like|contrast_letter
84,bun,bun,3,1,single_syllable_like,final_consonant|short_vowel_like|contrast_letter
85,bunch,bunch,5,1,single_syllable_like,final_cluster|final_consonant|digraph|short_vowel_like|contrast_letter
86,burn,burn,4,1,single_syllable_like,final_cluster|final_consonant|r_controlled|contrast_letter
87,burst,burst,5,1,single_syllable_like,final_cluster|final_consonant|r_controlled|contrast_letter
88,bus,bus,3,1,single_syllable_like,final_consonant|short_vowel_like|contrast_letter
89,but,but,3,1,single_syllable_like,final_consonant|short_vowel_like|contrast_letter
90,buzz,buzz,4,1,single_syllable_like,final_cluster|final_consonant|short_vowel_like|contrast_letter
91,by,by,2,1,single_syllable_like,contrast_letter
92,cab,cab,3,1,single_syllable_like,final_consonant|short_vowel_like|contrast_letter
93,cake,cake,4,1,single_syllable_like,cvc_e
94,call,call,4,1,single_syllable_like,final_cluster|final_consonant|short_vowel_like|contrast_letter
95,came,came,4,1,single_syllable_like,cvc_e|contrast_letter
96,can,can,3,1,single_syllable_like,final_consonant|short_vowel_like|contrast_letter
97,can't,cant,4,1,single_syllable_like,final_cluster|final_consonant|short_vowel_like|contrast_letter
98,cap,cap,3,1,single_syllable_like,final_consonant|short_vowel_like|contrast_letter
99,caps,caps,4,1,single_syllable_like,final_cluster|final_consonant|short_vowel_like|contrast_letter
100,car,car,3,1,single_syllable_like,final_consonant|r_controlled|contrast_letter
101,card,card,4,1,single_syllable_like,final_cluster|final_consonant|r_controlled|contrast_letter
102,care,care,4,1,single_syllable_like,cvc_e|r_controlled|contrast_letter
103,careful,careful,7,3,multisyllable_like,final_consonant|r_controlled|contrast_letter|longer_word
104,careless,careless,8,3,multisyllable_like,final_cluster|final_consonant|r_controlled|contrast_letter|longer_word
105,cart,cart,4,1,single_syllable_like,final_cluster|final_consonant|r_controlled|contrast_letter
106,cat,cat,3,1,single_syllable_like,final_consonant|short_vowel_like
107,catch,catch,5,1,single_syllable_like,final_cluster|final_consonant|digraph|short_vowel_like
108,cats,cats,4,1,single_syllable_like,final_cluster|final_consonant|short_vowel_like
109,cause,cause,5,1,single_syllable_like,vowel_team
110,chain,chain,5,1,single_syllable_like,onset_cluster|final_consonant|vowel_team|digraph|contrast_letter
111,chair,chair,5,1,single_syllable_like,onset_cluster|final_consonant|vowel_team|digraph|contrast_letter
112,chairs,chairs,6,1,single_syllable_like,onset_cluster|final_cluster|final_consonant|vowel_team|digraph|contrast_letter
113,chalk,chalk,5,1,single_syllable_like,onset_cluster|final_cluster|final_consonant|digraph|short_vowel_like|contrast_letter
114,chart,chart,5,1,single_syllable_like,onset_cluster|final_cluster|final_consonant|r_controlled|digraph|contrast_letter
115,chat,chat,4,1,single_syllable_like,onset_cluster|final_consonant|digraph|short_vowel_like
116,chew,chew,4,1,single_syllable_like,onset_cluster|final_consonant|vowel_team|digraph
117,chief,chief,5,1,single_syllable_like,onset_cluster|final_consonant|vowel_team|digraph|contrast_letter
118,child,child,5,1,single_syllable_like,onset_cluster|final_cluster|final_consonant|digraph|short_vowel_like|contrast_letter
119,children,children,8,2,two_syllable_like,onset_cluster|final_consonant|digraph|contrast_letter|longer_word
120,chill,chill,5,1,single_syllable_like,onset_cluster|final_cluster|final_consonant|digraph|short_vowel_like|contrast_letter
121,chip,chip,4,1,single_syllable_like,onset_cluster|final_consonant|digraph|short_vowel_like|contrast_letter
122,chips,chips,5,1,single_syllable_like,onset_cluster|final_cluster|final_consonant|digraph|short_vowel_like|contrast_letter
123,choice,choice,6,1,single_syllable_like,onset_cluster|vowel_team|digraph
124,chop,chop,4,1,single_syllable_like,onset_cluster|final_consonant|digraph|short_vowel_like|contrast_letter
125,chores,chores,6,2,two_syllable_like,onset_cluster|final_consonant|r_controlled|digraph|contrast_letter|longer_word
126,clam,clam,4,1,single_syllable_like,onset_cluster|final_consonant|short_vowel_like|contrast_letter
127,clap,clap,4,1,single_syllable_like,onset_cluster|final_consonant|short_vowel_like|contrast_letter
128,clapping,clapping,8,2,two_syllable_like,onset_cluster|final_cluster|final_consonant|digraph|contrast_letter|longer_word
129,claws,claws,5,1,single_syllable_like,onset_cluster|final_cluster|final_consonant|vowel_team|contrast_letter
130,clean,clean,5,1,single_syllable_like,onset_cluster|final_consonant|vowel_team|contrast_letter
131,cleaned,cleaned,7,2,two_syllable_like,onset_cluster|final_consonant|vowel_team|contrast_letter|longer_word
132,clock,clock,5,1,single_syllable_like,onset_cluster|final_cluster|final_consonant|digraph|short_vowel_like|contrast_letter
133,clouds,clouds,6,1,single_syllable_like,onset_cluster|final_cluster|final_consonant|vowel_team|contrast_letter
134,clown,clown,5,1,single_syllable_like,onset_cluster|final_cluster|final_consonant|vowel_team|contrast_letter
135,club,club,4,1,single_syllable_like,onset_cluster|final_consonant|short_vowel_like|contrast_letter
136,coast,coast,5,1,single_syllable_like,final_cluster|final_consonant|vowel_team
137,coat,coat,4,1,single_syllable_like,final_consonant|vowel_team
138,coin,coin,4,1,single_syllable_like,final_consonant|vowel_team|contrast_letter
139,cold,cold,4,1,single_syllable_like,final_cluster|final_consonant|short_vowel_like|contrast_letter
140,come,come,4,1,single_syllable_like,cvc_e|contrast_letter
141,cone,cone,4,1,single_syllable_like,cvc_e|contrast_letter
142,continue,continue,8,3,multisyllable_like,vowel_team|contrast_letter|longer_word
143,cook,cook,4,1,single_syllable_like,final_consonant|vowel_team
144,cookbook,cookbook,8,2,two_syllable_like,final_consonant|vowel_team|contrast_letter|longer_word
145,corn,corn,4,1,single_syllable_like,final_cluster|final_consonant|r_controlled|contrast_letter
146,cot,cot,3,1,single_syllable_like,final_consonant|short_vowel_like
147,couch,couch,5,1,single_syllable_like,final_cluster|final_consonant|vowel_team|digraph
148,could,could,5,1,single_syllable_like,final_cluster|final_consonant|vowel_team|contrast_letter
149,cow,cow,3,1,single_syllable_like,final_consonant|vowel_team
150,cowboy,cowboy,6,2,two_syllable_like,vowel_team|contrast_letter|longer_word
151,crab,crab,4,1,single_syllable_like,onset_cluster|final_consonant|short_vowel_like|contrast_letter
152,crack,crack,5,1,single_syllable_like,onset_cluster|final_cluster|final_consonant|digraph|short_vowel_like|contrast_letter
153,crash,crash,5,1,single_syllable_like,onset_cluster|final_cluster|final_consonant|digraph|short_vowel_like|contrast_letter
154,crawl,crawl,5,1,single_syllable_like,onset_cluster|final_cluster|final_consonant|vowel_team|contrast_letter
155,cream,cream,5,1,single_syllable_like,onset_cluster|final_consonant|vowel_team|contrast_letter
156,crib,crib,4,1,single_syllable_like,onset_cluster|final_consonant|short_vowel_like|contrast_letter
157,cried,cried,5,1,single_syllable_like,onset_cluster|final_consonant|vowel_team|contrast_letter
158,croak,croak,5,1,single_syllable_like,onset_cluster|final_consonant|vowel_team|contrast_letter
159,crown,crown,5,1,single_syllable_like,onset_cluster|final_cluster|final_consonant|vowel_team|contrast_letter
160,cry,cry,3,1,single_syllable_like,onset_cluster|contrast_letter
161,cub,cub,3,1,single_syllable_like,final_consonant|short_vowel_like|contrast_letter
162,cube,cube,4,1,single_syllable_like,cvc_e|contrast_letter
163,cue,cue,3,1,single_syllable_like,vowel_team
164,cup,cup,3,1,single_syllable_like,final_consonant|short_vowel_like|contrast_letter
165,cups,cups,4,1,single_syllable_like,final_cluster|final_consonant|short_vowel_like|contrast_letter
166,curb,curb,4,1,single_syllable_like,final_cluster|final_consonant|r_controlled|contrast_letter
167,curl,curl,4,1,single_syllable_like,final_cluster|final_consonant|r_controlled|contrast_letter
168,cut,cut,3,1,single_syllable_like,final_consonant|short_vowel_like
169,cute,cute,4,1,single_syllable_like,cvc_e
170,dare,dare,4,1,single_syllable_like,cvc_e|r_controlled|contrast_letter
171,dark,dark,4,1,single_syllable_like,final_cluster|final_consonant|r_controlled|contrast_letter
172,dart,dart,4,1,single_syllable_like,final_cluster|final_consonant|r_controlled|contrast_letter
173,dawn,dawn,4,1,single_syllable_like,final_cluster|final_consonant|vowel_team|contrast_letter
174,day,day,3,1,single_syllable_like,vowel_team|contrast_letter
175,deep,deep,4,1,single_syllable_like,final_consonant|vowel_team|contrast_letter
176,did,did,3,1,single_syllable_like,final_consonant|short_vowel_like|contrast_letter
177,die,die,3,1,single_syllable_like,vowel_team|contrast_letter
178,dig,dig,3,1,single_syllable_like,final_consonant|short_vowel_like|contrast_letter
179,digs,digs,4,1,single_syllable_like,final_cluster|final_consonant|short_vowel_like|contrast_letter
180,dinosaur,dinosaur,8,3,multisyllable_like,final_consonant|vowel_team|contrast_letter|longer_word
181,dip,dip,3,1,single_syllable_like,final_consonant|short_vowel_like|contrast_letter
182,dirt,dirt,4,1,single_syllable_like,final_cluster|final_consonant|r_controlled|contrast_letter
183,dish,dish,4,1,single_syllable_like,final_cluster|final_consonant|digraph|short_vowel_like|contrast_letter
184,dishes,dishes,6,2,two_syllable_like,final_consonant|digraph|contrast_letter|longer_word
185,do,do,2,1,single_syllable_like,short_vowel_like|contrast_letter
186,dog,dog,3,1,single_syllable_like,final_consonant|short_vowel_like|contrast_letter
187,doghouse,doghouse,8,2,two_syllable_like,vowel_team|contrast_letter|longer_word
188,dogs,dogs,4,1,single_syllable_like,final_cluster|final_consonant|short_vowel_like|contrast_letter
189,dot,dot,3,1,single_syllable_like,final_consonant|short_vowel_like|contrast_letter
190,down,down,4,1,single_syllable_like,final_cluster|final_consonant|vowel_team|contrast_letter
191,downtown,downtown,8,2,two_syllable_like,final_cluster|final_consonant|vowel_team|contrast_letter|longer_word
192,drain,drain,5,1,single_syllable_like,onset_cluster|final_consonant|vowel_team|contrast_letter
193,draw,draw,4,1,single_syllable_like,onset_cluster|final_consonant|vowel_team|contrast_letter
194,drawing,drawing,7,2,two_syllable_like,onset_cluster|final_cluster|final_consonant|vowel_team|digraph|contrast_letter|longer_word
195,dream,dream,5,1,single_syllable_like,onset_cluster|final_consonant|vowel_team|contrast_letter
196,dried,dried,5,1,single_syllable_like,onset_cluster|final_consonant|vowel_team|contrast_letter
197,dries,dries,5,1,single_syllable_like,onset_cluster|final_consonant|vowel_team|contrast_letter
198,drink,drink,5,1,single_syllable_like,onset_cluster|final_cluster|final_consonant|digraph|short_vowel_like|contrast_letter
199,drinking,drinking,8,2,two_syllable_like,onset_cluster|final_cluster|final_consonant|digraph|contrast_letter|longer_word
200,drip,drip,4,1,single_syllable_like,onset_cluster|final_consonant|short_vowel_like|contrast_letter
201,dripping,dripping,8,2,two_syllable_like,onset_cluster|final_cluster|final_consonant|digraph|contrast_letter|longer_word
202,drive,drive,5,1,single_syllable_like,onset_cluster|cvc_e|contrast_letter
203,drop,drop,4,1,single_syllable_like,onset_cluster|final_consonant|short_vowel_like|contrast_letter
204,dropout,dropout,7,2,two_syllable_like,onset_cluster|final_consonant|vowel_team|contrast_letter|longer_word
205,dropping,dropping,8,2,two_syllable_like,onset_cluster|final_cluster|final_consonant|digraph|contrast_letter|longer_word
206,dry,dry,3,1,single_syllable_like,onset_cluster|contrast_letter
207,dug,dug,3,1,single_syllable_like,final_consonant|short_vowel_like|contrast_letter
208,eat,eat,3,1,single_syllable_like,final_consonant|vowel_team
209,egg,egg,3,1,single_syllable_like,final_cluster|final_consonant|short_vowel_like
210,eggs,eggs,4,1,single_syllable_like,final_cluster|final_consonant|short_vowel_like
211,enjoy,enjoy,5,2,two_syllable_like,vowel_team|contrast_letter|longer_word
212,eve,eve,3,1,single_syllable_like,short_vowel_like|contrast_letter
213,fail,fail,4,1,single_syllable_like,final_consonant|vowel_team|contrast_letter
214,faint,faint,5,1,single_syllable_like,final_cluster|final_consonant|vowel_team|contrast_letter
215,fair,fair,4,1,single_syllable_like,final_consonant|vowel_team|contrast_letter
216,fan,fan,3,1,single_syllable_like,final_consonant|short_vowel_like|contrast_letter
217,fans,fans,4,1,single_syllable_like,final_cluster|final_consonant|short_vowel_like|contrast_letter
218,far,far,3,1,single_syllable_like,final_consonant|r_controlled|contrast_letter
219,farm,farm,4,1,single_syllable_like,final_cluster|final_consonant|r_controlled|contrast_letter
220,farmer,farmer,6,2,two_syllable_like,final_consonant|r_controlled|contrast_letter|longer_word
221,fat,fat,3,1,single_syllable_like,final_consonant|short_vowel_like|contrast_letter
222,fault,fault,5,1,single_syllable_like,final_cluster|final_consonant|vowel_team|contrast_letter
223,fed,fed,3,1,single_syllable_like,final_consonant|short_vowel_like|contrast_letter
224,feed,feed,4,1,single_syllable_like,final_consonant|vowel_team|contrast_letter
225,feel,feel,4,1,single_syllable_like,final_consonant|vowel_team|contrast_letter
226,feet,feet,4,1,single_syllable_like,final_consonant|vowel_team|contrast_letter
227,fell,fell,4,1,single_syllable_like,final_cluster|final_consonant|short_vowel_like|contrast_letter
228,felt,felt,4,1,single_syllable_like,final_cluster|final_consonant|short_vowel_like|contrast_letter
229,fern,fern,4,1,single_syllable_like,final_cluster|final_consonant|r_controlled|contrast_letter
230,few,few,3,1,single_syllable_like,final_consonant|vowel_team|contrast_letter
231,field,field,5,1,single_syllable_like,final_cluster|final_consonant|vowel_team|contrast_letter
232,fight,fight,5,1,single_syllable_like,final_cluster|final_consonant|short_vowel_like|contrast_letter
233,fighter,fighter,7,2,two_syllable_like,final_consonant|r_controlled|contrast_letter|longer_word
234,fill,fill,4,1,single_syllable_like,final_cluster|final_consonant|short_vowel_like|contrast_letter
235,filling,filling,7,2,two_syllable_like,final_cluster|final_consonant|digraph|contrast_letter|longer_word
236,find,find,4,1,single_syllable_like,final_cluster|final_consonant|short_vowel_like|contrast_letter
237,first,first,5,1,single_syllable_like,final_cluster|final_consonant|r_controlled|contrast_letter
238,firsthand,firsthand,9,2,two_syllable_like,final_cluster|final_consonant|r_controlled|digraph|contrast_letter|longer_word
239,fish,fish,4,1,single_syllable_like,final_cluster|final_consonant|digraph|short_vowel_like|contrast_letter
240,fishing,fishing,7,2,two_syllable_like,final_cluster|final_consonant|digraph|contrast_letter|longer_word
241,fist,fist,4,1,single_syllable_like,final_cluster|final_consonant|short_vowel_like|contrast_letter
242,fit,fit,3,1,single_syllable_like,final_consonant|short_vowel_like|contrast_letter
243,fix,fix,3,1,single_syllable_like,final_consonant|short_vowel_like|contrast_letter
244,fixing,fixing,6,2,two_syllable_like,final_cluster|final_consonant|digraph|contrast_letter|longer_word
245,flag,flag,4,1,single_syllable_like,onset_cluster|final_consonant|short_vowel_like|contrast_letter
246,flap,flap,4,1,single_syllable_like,onset_cluster|final_consonant|short_vowel_like|contrast_letter
247,flash,flash,5,1,single_syllable_like,onset_cluster|final_cluster|final_consonant|digraph|short_vowel_like|contrast_letter
248,flat,flat,4,1,single_syllable_like,onset_cluster|final_consonant|short_vowel_like|contrast_letter
249,flew,flew,4,1,single_syllable_like,onset_cluster|final_consonant|vowel_team|contrast_letter
250,flies,flies,5,1,single_syllable_like,onset_cluster|final_consonant|vowel_team|contrast_letter
251,flight,flight,6,1,single_syllable_like,onset_cluster|final_cluster|final_consonant|short_vowel_like|contrast_letter
252,flip,flip,4,1,single_syllable_like,onset_cluster|final_consonant|short_vowel_like|contrast_letter
253,flipping,flipping,8,2,two_syllable_like,onset_cluster|final_cluster|final_consonant|digraph|contrast_letter|longer_word
254,float,float,5,1,single_syllable_like,onset_cluster|final_consonant|vowel_team|contrast_letter
255,floated,floated,7,2,two_syllable_like,onset_cluster|final_consonant|vowel_team|contrast_letter|longer_word
256,floating,floating,8,2,two_syllable_like,onset_cluster|final_cluster|final_consonant|vowel_team|digraph|contrast_letter|longer_word
257,flop,flop,4,1,single_syllable_like,onset_cluster|final_consonant|short_vowel_like|contrast_letter
258,flow,flow,4,1,single_syllable_like,onset_cluster|final_consonant|vowel_team|contrast_letter
259,fluff,fluff,5,1,single_syllable_like,onset_cluster|final_cluster|final_consonant|short_vowel_like|contrast_letter
260,fly,fly,3,1,single_syllable_like,onset_cluster|contrast_letter
261,foam,foam,4,1,single_syllable_like,final_consonant|vowel_team|contrast_letter
262,fog,fog,3,1,single_syllable_like,final_consonant|short_vowel_like|contrast_letter
263,foil,foil,4,1,single_syllable_like,final_consonant|vowel_team|contrast_letter
264,fold,fold,4,1,single_syllable_like,final_cluster|final_consonant|short_vowel_like|contrast_letter
265,food,food,4,1,single_syllable_like,final_consonant|vowel_team|contrast_letter
266,for,for,3,1,single_syllable_like,final_consonant|r_controlled|contrast_letter
267,fork,fork,4,1,single_syllable_like,final_cluster|final_consonant|r_controlled|contrast_letter
268,forklift,forklift,8,2,two_syllable_like,final_cluster|final_consonant|r_controlled|contrast_letter|longer_word
269,found,found,5,1,single_syllable_like,final_cluster|final_consonant|vowel_team|contrast_letter
270,fox,fox,3,1,single_syllable_like,final_consonant|short_vowel_like|contrast_letter
271,fran,fran,4,1,single_syllable_like,onset_cluster|final_consonant|short_vowel_like|contrast_letter
272,fried,fried,5,1,single_syllable_like,onset_cluster|final_consonant|vowel_team|contrast_letter
273,friend,friend,6,1,single_syllable_like,onset_cluster|final_cluster|final_consonant|vowel_team|contrast_letter
274,frog,frog,4,1,single_syllable_like,onset_cluster|final_consonant|short_vowel_like|contrast_letter
275,from,from,4,1,single_syllable_like,onset_cluster|final_consonant|short_vowel_like|contrast_letter
276,frown,frown,5,1,single_syllable_like,onset_cluster|final_cluster|final_consonant|vowel_team|contrast_letter
277,fuel,fuel,4,1,single_syllable_like,final_consonant|vowel_team|contrast_letter
278,fun,fun,3,1,single_syllable_like,final_consonant|short_vowel_like|contrast_letter
279,fund,fund,4,1,single_syllable_like,final_cluster|final_consonant|short_vowel_like|contrast_letter
280,funny,funny,5,2,two_syllable_like,contrast_letter|longer_word
281,fur,fur,3,1,single_syllable_like,final_consonant|r_controlled|contrast_letter
282,gail,gail,4,1,single_syllable_like,final_consonant|vowel_team|contrast_letter
283,game,game,4,1,single_syllable_like,cvc_e|contrast_letter
284,gave,gave,4,1,single_syllable_like,cvc_e|contrast_letter
285,get,get,3,1,single_syllable_like,final_consonant|short_vowel_like
286,getting,getting,7,2,two_syllable_like,final_cluster|final_consonant|digraph|contrast_letter|longer_word
287,girl,girl,4,1,single_syllable_like,final_cluster|final_consonant|r_controlled|contrast_letter
288,give,give,4,1,single_syllable_like,cvc_e|contrast_letter
289,glad,glad,4,1,single_syllable_like,onset_cluster|final_consonant|short_vowel_like|contrast_letter
290,glow,glow,4,1,single_syllable_like,onset_cluster|final_consonant|vowel_team|contrast_letter
291,glue,glue,4,1,single_syllable_like,onset_cluster|vowel_team|contrast_letter
292,go,go,2,1,single_syllable_like,short_vowel_like
293,goat,goat,4,1,single_syllable_like,final_consonant|vowel_team
294,goes,goes,4,1,single_syllable_like,final_consonant|vowel_team
295,going,going,5,1,single_syllable_like,final_cluster|final_consonant|vowel_team|digraph|contrast_letter
296,gone,gone,4,1,single_syllable_like,cvc_e|contrast_letter
297,good,good,4,1,single_syllable_like,final_consonant|vowel_team|contrast_letter
298,goose,goose,5,1,single_syllable_like,vowel_team
299,got,got,3,1,single_syllable_like,final_consonant|short_vowel_like
300,grab,grab,4,1,single_syllable_like,onset_cluster|final_consonant|short_vowel_like|contrast_letter
301,grabbing,grabbing,8,2,two_syllable_like,onset_cluster|final_cluster|final_consonant|digraph|contrast_letter|longer_word
302,grabs,grabs,5,1,single_syllable_like,onset_cluster|final_cluster|final_consonant|short_vowel_like|contrast_letter
303,grass,grass,5,1,single_syllable_like,onset_cluster|final_cluster|final_consonant|short_vowel_like|contrast_letter
304,gray,gray,4,1,single_syllable_like,onset_cluster|vowel_team|contrast_letter
305,green,green,5,1,single_syllable_like,onset_cluster|final_consonant|vowel_team|contrast_letter
306,greet,greet,5,1,single_syllable_like,onset_cluster|final_consonant|vowel_team|contrast_letter
307,grew,grew,4,1,single_syllable_like,onset_cluster|final_consonant|vowel_team|contrast_letter
308,grin,grin,4,1,single_syllable_like,onset_cluster|final_consonant|short_vowel_like|contrast_letter
309,grip,grip,4,1,single_syllable_like,onset_cluster|final_consonant|short_vowel_like|contrast_letter
310,ground,ground,6,1,single_syllable_like,onset_cluster|final_cluster|final_consonant|vowel_team|contrast_letter
311,group,group,5,1,single_syllable_like,onset_cluster|final_consonant|vowel_team|contrast_letter
312,grow,grow,4,1,single_syllable_like,onset_cluster|final_consonant|vowel_team|contrast_letter
313,growing,growing,7,2,two_syllable_like,onset_cluster|final_cluster|final_consonant|vowel_team|digraph|contrast_letter|longer_word
314,growl,growl,5,1,single_syllable_like,onset_cluster|final_cluster|final_consonant|vowel_team|contrast_letter
315,gum,gum,3,1,single_syllable_like,final_consonant|short_vowel_like|contrast_letter
316,had,had,3,1,single_syllable_like,final_consonant|short_vowel_like|contrast_letter
317,hair,hair,4,1,single_syllable_like,final_consonant|vowel_team|contrast_letter
318,ham,ham,3,1,single_syllable_like,final_consonant|short_vowel_like|contrast_letter
319,happy,happy,5,2,two_syllable_like,contrast_letter|longer_word
320,hard,hard,4,1,single_syllable_like,final_cluster|final_consonant|r_controlled|contrast_letter
321,has,has,3,1,single_syllable_like,final_consonant|short_vowel_like
322,hat,hat,3,1,single_syllable_like,final_consonant|short_vowel_like
323,hate,hate,4,1,single_syllable_like,cvc_e
324,hawk,hawk,4,1,single_syllable_like,final_cluster|final_consonant|vowel_team
325,he,he,2,1,single_syllable_like,short_vowel_like
326,hear,hear,4,1,single_syllable_like,final_consonant|vowel_team|contrast_letter
327,heat,heat,4,1,single_syllable_like,final_consonant|vowel_team
328,helps,helps,5,1,single_syllable_like,final_cluster|final_consonant|short_vowel_like|contrast_letter
329,hen,hen,3,1,single_syllable_like,final_consonant|short_vowel_like|contrast_letter
330,her,her,3,1,single_syllable_like,final_consonant|r_controlled|contrast_letter
331,hi,hi,2,1,single_syllable_like,short_vowel_like
332,hid,hid,3,1,single_syllable_like,final_consonant|short_vowel_like|contrast_letter
333,hide,hide,4,1,single_syllable_like,cvc_e|contrast_letter
334,high,high,4,1,single_syllable_like,final_cluster|final_consonant|short_vowel_like
335,him,him,3,1,single_syllable_like,final_consonant|short_vowel_like|contrast_letter
336,hip,hip,3,1,single_syllable_like,final_consonant|short_vowel_like|contrast_letter
337,his,his,3,1,single_syllable_like,final_consonant|short_vowel_like
338,hit,hit,3,1,single_syllable_like,final_consonant|short_vowel_like
339,hold,hold,4,1,single_syllable_like,final_cluster|final_consonant|short_vowel_like|contrast_letter
340,hole,hole,4,2,two_syllable_like,cvc_e|contrast_letter|longer_word
341,home,home,4,1,single_syllable_like,cvc_e|contrast_letter
342,honey,honey,5,2,two_syllable_like,contrast_letter|longer_word
343,hoot,hoot,4,1,single_syllable_like,final_consonant|vowel_team
344,hop,hop,3,1,single_syllable_like,final_consonant|short_vowel_like|contrast_letter
345,hope,hope,4,1,single_syllable_like,cvc_e|contrast_letter
346,hopes,hopes,5,2,two_syllable_like,final_consonant|contrast_letter|longer_word
347,horn,horn,4,1,single_syllable_like,final_cluster|final_consonant|r_controlled|contrast_letter
348,hot,hot,3,1,single_syllable_like,final_consonant|short_vowel_like
349,house,house,5,1,single_syllable_like,vowel_team
350,how,how,3,1,single_syllable_like,final_consonant|vowel_team
351,hug,hug,3,1,single_syllable_like,final_consonant|short_vowel_like
352,huge,huge,4,1,single_syllable_like,cvc_e
353,hum,hum,3,1,single_syllable_like,final_consonant|short_vowel_like|contrast_letter
354,human,human,5,2,two_syllable_like,final_consonant|contrast_letter|longer_word
355,hurt,hurt,4,1,single_syllable_like,final_cluster|final_consonant|r_controlled|contrast_letter
356,hut,hut,3,1,single_syllable_like,final_consonant|short_vowel_like
357,i,i,1,1,single_syllable_like,short_vowel_like
358,ice,ice,3,1,single_syllable_like,short_vowel_like
359,in,in,2,1,single_syllable_like,final_consonant|short_vowel_like|contrast_letter
360,inch,inch,4,1,single_syllable_like,final_cluster|final_consonant|digraph|short_vowel_like|contrast_letter
361,ink,ink,3,1,single_syllable_like,final_cluster|final_consonant|digraph|short_vowel_like|contrast_letter
362,is,is,2,1,single_syllable_like,final_consonant|short_vowel_like
363,isn't,isnt,4,1,single_syllable_like,final_cluster|final_consonant|short_vowel_like|contrast_letter
364,it,it,2,1,single_syllable_like,final_consonant|short_vowel_like
365,itch,itch,4,1,single_syllable_like,final_cluster|final_consonant|digraph|short_vowel_like
366,itches,itches,6,2,two_syllable_like,final_consonant|digraph|longer_word
367,itching,itching,7,2,two_syllable_like,final_cluster|final_consonant|digraph|contrast_letter|longer_word
368,jane,jane,4,1,single_syllable_like,cvc_e|contrast_letter
369,jar,jar,3,1,single_syllable_like,final_consonant|r_controlled|contrast_letter
370,joe,joe,3,1,single_syllable_like,vowel_team
371,joe's,joes,4,1,single_syllable_like,final_consonant|vowel_team
372,jog,jog,3,1,single_syllable_like,final_consonant|short_vowel_like
373,join,join,4,1,single_syllable_like,final_consonant|vowel_team|contrast_letter
374,joke,joke,4,1,single_syllable_like,cvc_e
375,joy,joy,3,1,single_syllable_like,vowel_team
376,joyful,joyful,6,2,two_syllable_like,final_consonant|vowel_team|contrast_letter|longer_word
377,jug,jug,3,1,single_syllable_like,final_consonant|short_vowel_like
378,key,key,3,1,single_syllable_like,short_vowel_like
379,kid,kid,3,1,single_syllable_like,final_consonant|short_vowel_like|contrast_letter
380,kim,kim,3,1,single_syllable_like,final_consonant|short_vowel_like|contrast_letter
381,kind,kind,4,1,single_syllable_like,final_cluster|final_consonant|short_vowel_like|contrast_letter
382,kindness,kindness,8,2,two_syllable_like,final_cluster|final_consonant|contrast_letter|longer_word
383,king,king,4,1,single_syllable_like,final_cluster|final_consonant|digraph|short_vowel_like|contrast_letter
384,kite,kite,4,1,single_syllable_like,cvc_e
385,lake,lake,4,1,single_syllable_like,cvc_e|contrast_letter
386,large,large,5,1,single_syllable_like,r_controlled|contrast_letter
387,law,law,3,1,single_syllable_like,final_consonant|vowel_team|contrast_letter
388,lawn,lawn,4,1,single_syllable_like,final_cluster|final_consonant|vowel_team|contrast_letter
389,lawnmower,lawnmower,9,3,multisyllable_like,final_consonant|vowel_team|r_controlled|contrast_letter|longer_word
390,lean,lean,4,1,single_syllable_like,final_consonant|vowel_team|contrast_letter
391,led,led,3,1,single_syllable_like,final_consonant|short_vowel_like|contrast_letter
392,left,left,4,1,single_syllable_like,final_cluster|final_consonant|short_vowel_like|contrast_letter
393,leg,leg,3,1,single_syllable_like,final_consonant|short_vowel_like|contrast_letter
394,legs,legs,4,1,single_syllable_like,final_cluster|final_consonant|short_vowel_like|contrast_letter
395,let,let,3,1,single_syllable_like,final_consonant|short_vowel_like|contrast_letter
396,let's,lets,4,1,single_syllable_like,final_cluster|final_consonant|short_vowel_like|contrast_letter
397,letting,letting,7,2,two_syllable_like,final_cluster|final_consonant|digraph|contrast_letter|longer_word
398,lid,lid,3,1,single_syllable_like,final_consonant|short_vowel_like|contrast_letter
399,lies,lies,4,1,single_syllable_like,final_consonant|vowel_team|contrast_letter
400,light,light,5,1,single_syllable_like,final_cluster|final_consonant|short_vowel_like|contrast_letter
401,lightning,lightning,9,2,two_syllable_like,final_cluster|final_consonant|digraph|contrast_letter|longer_word
402,like,like,4,1,single_syllable_like,cvc_e|contrast_letter
403,likes,likes,5,2,two_syllable_like,final_consonant|contrast_letter|longer_word
404,liking,liking,6,2,two_syllable_like,final_cluster|final_consonant|digraph|contrast_letter|longer_word
405,lip,lip,3,1,single_syllable_like,final_consonant|short_vowel_like|contrast_letter
406,lips,lips,4,1,single_syllable_like,final_cluster|final_consonant|short_vowel_like|contrast_letter
407,listen,listen,6,2,two_syllable_like,final_consonant|contrast_letter|longer_word
408,lit,lit,3,1,single_syllable_like,final_consonant|short_vowel_like|contrast_letter
409,little,little,6,2,two_syllable_like,contrast_letter|longer_word
410,live,live,4,1,single_syllable_like,cvc_e|contrast_letter
411,loading,loading,7,2,two_syllable_like,final_cluster|final_consonant|vowel_team|digraph|contrast_letter|longer_word
412,loaf,loaf,4,1,single_syllable_like,final_consonant|vowel_team|contrast_letter
413,lock,lock,4,1,single_syllable_like,final_cluster|final_consonant|digraph|short_vowel_like|contrast_letter
414,locks,locks,5,1,single_syllable_like,final_cluster|final_consonant|digraph|short_vowel_like|contrast_letter
415,log,log,3,1,single_syllable_like,final_consonant|short_vowel_like|contrast_letter
416,logs,logs,4,1,single_syllable_like,final_cluster|final_consonant|short_vowel_like|contrast_letter
417,long,long,4,1,single_syllable_like,final_cluster|final_consonant|digraph|short_vowel_like|contrast_letter
418,look,look,4,1,single_syllable_like,final_consonant|vowel_team|contrast_letter
419,loose,loose,5,1,single_syllable_like,vowel_team|contrast_letter
420,lost,lost,4,1,single_syllable_like,final_cluster|final_consonant|short_vowel_like|contrast_letter
421,lot,lot,3,1,single_syllable_like,final_consonant|short_vowel_like|contrast_letter
422,love,love,4,1,single_syllable_like,cvc_e|contrast_letter
423,low,low,3,1,single_syllable_like,final_consonant|vowel_team|contrast_letter
424,lunch,lunch,5,1,single_syllable_like,final_cluster|final_consonant|digraph|short_vowel_like|contrast_letter
425,lunchbox,lunchbox,8,2,two_syllable_like,final_consonant|digraph|contrast_letter|longer_word
426,made,made,4,1,single_syllable_like,cvc_e|contrast_letter
427,main,main,4,1,single_syllable_like,final_consonant|vowel_team|contrast_letter
428,make,make,4,1,single_syllable_like,cvc_e|contrast_letter
429,man,man,3,1,single_syllable_like,final_consonant|short_vowel_like|contrast_letter
430,map,map,3,1,single_syllable_like,final_consonant|short_vowel_like|contrast_letter
431,maps,maps,4,1,single_syllable_like,final_cluster|final_consonant|short_vowel_like|contrast_letter
432,marble,marble,6,2,two_syllable_like,r_controlled|contrast_letter|longer_word
433,marker,marker,6,2,two_syllable_like,final_consonant|r_controlled|contrast_letter|longer_word
434,market,market,6,2,two_syllable_like,final_consonant|r_controlled|contrast_letter|longer_word
435,mat,mat,3,1,single_syllable_like,final_consonant|short_vowel_like|contrast_letter
436,match,match,5,1,single_syllable_like,final_cluster|final_consonant|digraph|short_vowel_like|contrast_letter
437,math,math,4,1,single_syllable_like,final_cluster|final_consonant|digraph|short_vowel_like|contrast_letter
438,mats,mats,4,1,single_syllable_like,final_cluster|final_consonant|short_vowel_like|contrast_letter
439,max,max,3,1,single_syllable_like,final_consonant|short_vowel_like|contrast_letter
440,may,may,3,1,single_syllable_like,vowel_team|contrast_letter
441,maybe,maybe,5,1,single_syllable_like,vowel_team|contrast_letter
442,me,me,2,1,single_syllable_like,short_vowel_like|contrast_letter
443,meal,meal,4,1,single_syllable_like,final_consonant|vowel_team|contrast_letter
444,mealtime,mealtime,8,2,two_syllable_like,cvc_e|vowel_team|contrast_letter|longer_word
445,mean,mean,4,1,single_syllable_like,final_consonant|vowel_team|contrast_letter
446,meat,meat,4,1,single_syllable_like,final_consonant|vowel_team|contrast_letter
447,men,men,3,1,single_syllable_like,final_consonant|short_vowel_like|contrast_letter
448,menu,menu,4,2,two_syllable_like,contrast_letter|longer_word
449,mess,mess,4,1,single_syllable_like,final_cluster|final_consonant|short_vowel_like|contrast_letter
450,met,met,3,1,single_syllable_like,final_consonant|short_vowel_like|contrast_letter
451,might,might,5,1,single_syllable_like,final_cluster|final_consonant|short_vowel_like|contrast_letter
452,mike,mike,4,1,single_syllable_like,cvc_e|contrast_letter
453,mild,mild,4,1,single_syllable_like,final_cluster|final_consonant|short_vowel_like|contrast_letter
454,mile,mile,4,2,two_syllable_like,cvc_e|contrast_letter|longer_word
455,milk,milk,4,1,single_syllable_like,final_cluster|final_consonant|short_vowel_like|contrast_letter
456,mind,mind,4,1,single_syllable_like,final_cluster|final_consonant|short_vowel_like|contrast_letter
457,mix,mix,3,1,single_syllable_like,final_consonant|short_vowel_like|contrast_letter
458,mixing,mixing,6,2,two_syllable_like,final_cluster|final_consonant|digraph|contrast_letter|longer_word
459,moist,moist,5,1,single_syllable_like,final_cluster|final_consonant|vowel_team|contrast_letter
460,mom,mom,3,1,single_syllable_like,final_consonant|short_vowel_like|contrast_letter
461,money,money,5,2,two_syllable_like,contrast_letter|longer_word
462,monkey,monkey,6,2,two_syllable_like,digraph|contrast_letter|longer_word
463,moo,moo,3,1,single_syllable_like,vowel_team|contrast_letter
464,moon,moon,4,1,single_syllable_like,final_consonant|vowel_team|contrast_letter
465,mop,mop,3,1,single_syllable_like,final_consonant|short_vowel_like|contrast_letter
466,mops,mops,4,1,single_syllable_like,final_cluster|final_consonant|short_vowel_like|contrast_letter
467,more,more,4,1,single_syllable_like,cvc_e|r_controlled|contrast_letter
468,morning,morning,7,2,two_syllable_like,final_cluster|final_consonant|r_controlled|digraph|contrast_letter|longer_word
469,most,most,4,1,single_syllable_like,final_cluster|final_consonant|short_vowel_like|contrast_letter
470,moth,moth,4,1,single_syllable_like,final_cluster|final_consonant|digraph|short_vowel_like|contrast_letter
471,mouse,mouse,5,1,single_syllable_like,vowel_team|contrast_letter
472,mouth,mouth,5,1,single_syllable_like,final_cluster|final_consonant|vowel_team|digraph|contrast_letter
473,much,much,4,1,single_syllable_like,final_cluster|final_consonant|digraph|short_vowel_like|contrast_letter
474,museum,museum,6,2,two_syllable_like,final_consonant|contrast_letter|longer_word
475,music,music,5,2,two_syllable_like,final_consonant|contrast_letter|longer_word
476,my,my,2,1,single_syllable_like,contrast_letter
477,nail,nail,4,1,single_syllable_like,final_consonant|vowel_team|contrast_letter
478,nap,nap,3,1,single_syllable_like,final_consonant|short_vowel_like|contrast_letter
479,neat,neat,4,1,single_syllable_like,final_consonant|vowel_team|contrast_letter
480,necktie,necktie,7,2,two_syllable_like,vowel_team|digraph|contrast_letter|longer_word
481,need,need,4,1,single_syllable_like,final_consonant|vowel_team|contrast_letter
482,nest,nest,4,1,single_syllable_like,final_cluster|final_consonant|short_vowel_like|contrast_letter
483,new,new,3,1,single_syllable_like,final_consonant|vowel_team|contrast_letter
484,next,next,4,1,single_syllable_like,final_cluster|final_consonant|short_vowel_like|contrast_letter
485,nice,nice,4,1,single_syllable_like,cvc_e|contrast_letter
486,niece,niece,5,1,single_syllable_like,vowel_team|contrast_letter
487,night,night,5,1,single_syllable_like,final_cluster|final_consonant|short_vowel_like|contrast_letter
488,no,no,2,1,single_syllable_like,short_vowel_like|contrast_letter
489,noise,noise,5,1,single_syllable_like,vowel_team|contrast_letter
490,noisy,noisy,5,2,two_syllable_like,vowel_team|contrast_letter|longer_word
491,north,north,5,1,single_syllable_like,final_cluster|final_consonant|r_controlled|digraph|contrast_letter
492,northeast,northeast,9,2,two_syllable_like,final_cluster|final_consonant|vowel_team|r_controlled|digraph|contrast_letter|longer_word
493,nose,nose,4,1,single_syllable_like,cvc_e|contrast_letter
494,not,not,3,1,single_syllable_like,final_consonant|short_vowel_like|contrast_letter
495,note,note,4,1,single_syllable_like,cvc_e|contrast_letter
496,now,now,3,1,single_syllable_like,final_consonant|vowel_team|contrast_letter
497,nurse,nurse,5,1,single_syllable_like,r_controlled|contrast_letter
498,nut,nut,3,1,single_syllable_like,final_consonant|short_vowel_like|contrast_letter
499,oar,oar,3,1,single_syllable_like,final_consonant|vowel_team|contrast_letter
500,of,of,2,1,single_syllable_like,final_consonant|short_vowel_like|contrast_letter
501,oil,oil,3,1,single_syllable_like,final_consonant|vowel_team|contrast_letter
502,oily,oily,4,2,two_syllable_like,vowel_team|contrast_letter|longer_word
503,old,old,3,1,single_syllable_like,final_cluster|final_consonant|short_vowel_like|contrast_letter
504,oldest,oldest,6,2,two_syllable_like,final_cluster|final_consonant|contrast_letter|longer_word
505,on,on,2,1,single_syllable_like,final_consonant|short_vowel_like|contrast_letter
506,or,or,2,1,single_syllable_like,final_consonant|r_controlled|contrast_letter
507,over,over,4,2,two_syllable_like,final_consonant|r_controlled|contrast_letter|longer_word
508,page,page,4,1,single_syllable_like,cvc_e|contrast_letter
509,pail,pail,4,1,single_syllable_like,final_consonant|vowel_team|contrast_letter
510,paint,paint,5,1,single_syllable_like,final_cluster|final_consonant|vowel_team|contrast_letter
511,pair,pair,4,1,single_syllable_like,final_consonant|vowel_team|contrast_letter
512,pan,pan,3,1,single_syllable_like,final_consonant|short_vowel_like|contrast_letter
513,pans,pans,4,1,single_syllable_like,final_cluster|final_consonant|short_vowel_like|contrast_letter
514,park,park,4,1,single_syllable_like,final_cluster|final_consonant|r_controlled|contrast_letter
515,part,part,4,1,single_syllable_like,final_cluster|final_consonant|r_controlled|contrast_letter
516,party,party,5,2,two_syllable_like,r_controlled|contrast_letter|longer_word
517,pass,pass,4,1,single_syllable_like,final_cluster|final_consonant|short_vowel_like|contrast_letter
518,patch,patch,5,1,single_syllable_like,final_cluster|final_consonant|digraph|short_vowel_like|contrast_letter
519,paws,paws,4,1,single_syllable_like,final_cluster|final_consonant|vowel_team|contrast_letter
520,pay,pay,3,1,single_syllable_like,vowel_team|contrast_letter
521,peaches,peaches,7,2,two_syllable_like,final_consonant|vowel_team|digraph|contrast_letter|longer_word
522,pear,pear,4,1,single_syllable_like,final_consonant|vowel_team|contrast_letter
523,pen,pen,3,1,single_syllable_like,final_consonant|short_vowel_like|contrast_letter
524,pens,pens,4,1,single_syllable_like,final_cluster|final_consonant|short_vowel_like|contrast_letter
525,pet,pet,3,1,single_syllable_like,final_consonant|short_vowel_like|contrast_letter
526,pete,pete,4,1,single_syllable_like,cvc_e|contrast_letter
527,petting,petting,7,2,two_syllable_like,final_cluster|final_consonant|digraph|contrast_letter|longer_word
528,pie,pie,3,1,single_syllable_like,vowel_team|contrast_letter
529,piece,piece,5,1,single_syllable_like,vowel_team|contrast_letter
530,pies,pies,4,1,single_syllable_like,final_consonant|vowel_team|contrast_letter
531,pig,pig,3,1,single_syllable_like,final_consonant|short_vowel_like|contrast_letter
532,pin,pin,3,1,single_syllable_like,final_consonant|short_vowel_like|contrast_letter
533,pitch,pitch,5,1,single_syllable_like,final_cluster|final_consonant|digraph|short_vowel_like|contrast_letter
534,plain,plain,5,1,single_syllable_like,onset_cluster|final_consonant|vowel_team|contrast_letter
535,plan,plan,4,1,single_syllable_like,onset_cluster|final_consonant|short_vowel_like|contrast_letter
536,plate,plate,5,1,single_syllable_like,onset_cluster|cvc_e|contrast_letter
537,play,play,4,1,single_syllable_like,onset_cluster|vowel_team|contrast_letter
538,please,please,6,1,single_syllable_like,onset_cluster|vowel_team|contrast_letter
539,plug,plug,4,1,single_syllable_like,onset_cluster|final_consonant|short_vowel_like|contrast_letter
540,point,point,5,1,single_syllable_like,final_cluster|final_consonant|vowel_team|contrast_letter
541,pointed,pointed,7,2,two_syllable_like,final_consonant|vowel_team|contrast_letter|longer_word
542,pointing,pointing,8,2,two_syllable_like,final_cluster|final_consonant|vowel_team|digraph|contrast_letter|longer_word
543,pole,pole,4,2,two_syllable_like,cvc_e|contrast_letter|longer_word
544,pop,pop,3,1,single_syllable_like,final_consonant|short_vowel_like|contrast_letter
545,porch,porch,5,1,single_syllable_like,final_cluster|final_consonant|r_controlled|digraph|contrast_letter
546,pot,pot,3,1,single_syllable_like,final_consonant|short_vowel_like|contrast_letter
547,press,press,5,1,single_syllable_like,onset_cluster|final_cluster|final_consonant|short_vowel_like|contrast_letter
548,price,price,5,1,single_syllable_like,onset_cluster|cvc_e|contrast_letter
549,pup,pup,3,1,single_syllable_like,final_consonant|short_vowel_like|contrast_letter
550,purse,purse,5,1,single_syllable_like,r_controlled|contrast_letter
551,quit,quit,4,1,single_syllable_like,final_consonant|short_vowel_like
552,race,race,4,1,single_syllable_like,cvc_e|contrast_letter
553,rain,rain,4,1,single_syllable_like,final_consonant|vowel_team|contrast_letter
554,rainbow,rainbow,7,2,two_syllable_like,final_consonant|vowel_team|contrast_letter|longer_word
555,raining,raining,7,2,two_syllable_like,final_cluster|final_consonant|vowel_team|digraph|contrast_letter|longer_word
556,raise,raise,5,1,single_syllable_like,vowel_team|contrast_letter
557,ran,ran,3,1,single_syllable_like,final_consonant|short_vowel_like|contrast_letter
558,ranch,ranch,5,1,single_syllable_like,final_cluster|final_consonant|digraph|short_vowel_like|contrast_letter
559,rare,rare,4,1,single_syllable_like,cvc_e|r_controlled|contrast_letter
560,rash,rash,4,1,single_syllable_like,final_cluster|final_consonant|digraph|short_vowel_like|contrast_letter
561,raw,raw,3,1,single_syllable_like,final_consonant|vowel_team|contrast_letter
562,read,read,4,1,single_syllable_like,final_consonant|vowel_team|contrast_letter
563,reading,reading,7,2,two_syllable_like,final_cluster|final_consonant|vowel_team|digraph|contrast_letter|longer_word
564,red,red,3,1,single_syllable_like,final_consonant|short_vowel_like|contrast_letter
565,rescue,rescue,6,2,two_syllable_like,vowel_team|contrast_letter|longer_word
566,return,return,6,2,two_syllable_like,final_cluster|final_consonant|r_controlled|contrast_letter|longer_word
567,ride,ride,4,1,single_syllable_like,cvc_e|contrast_letter
568,right,right,5,1,single_syllable_like,final_cluster|final_consonant|short_vowel_like|contrast_letter
569,ring,ring,4,1,single_syllable_like,final_cluster|final_consonant|digraph|short_vowel_like|contrast_letter
570,rink,rink,4,1,single_syllable_like,final_cluster|final_consonant|digraph|short_vowel_like|contrast_letter
571,rip,rip,3,1,single_syllable_like,final_consonant|short_vowel_like|contrast_letter
572,ripping,ripping,7,2,two_syllable_like,final_cluster|final_consonant|digraph|contrast_letter|longer_word
573,rips,rips,4,1,single_syllable_like,final_cluster|final_consonant|short_vowel_like|contrast_letter
574,river,river,5,2,two_syllable_like,final_consonant|r_controlled|contrast_letter|longer_word
575,road,road,4,1,single_syllable_like,final_consonant|vowel_team|contrast_letter
576,roar,roar,4,1,single_syllable_like,final_consonant|vowel_team|contrast_letter
577,robe,robe,4,1,single_syllable_like,cvc_e|contrast_letter
578,rock,rock,4,1,single_syllable_like,final_cluster|final_consonant|digraph|short_vowel_like|contrast_letter
579,rode,rode,4,1,single_syllable_like,cvc_e|contrast_letter
580,room,room,4,1,single_syllable_like,final_consonant|vowel_team|contrast_letter
581,rope,rope,4,1,single_syllable_like,cvc_e|contrast_letter
582,round,round,5,1,single_syllable_like,final_cluster|final_consonant|vowel_team|contrast_letter
583,row,row,3,1,single_syllable_like,final_consonant|vowel_team|contrast_letter
584,roy,roy,3,1,single_syllable_like,vowel_team|contrast_letter
585,rug,rug,3,1,single_syllable_like,final_consonant|short_vowel_like|contrast_letter
586,run,run,3,1,single_syllable_like,final_consonant|short_vowel_like|contrast_letter
587,sack,sack,4,1,single_syllable_like,final_cluster|final_consonant|digraph|short_vowel_like
588,sad,sad,3,1,single_syllable_like,final_consonant|short_vowel_like|contrast_letter
589,sail,sail,4,1,single_syllable_like,final_consonant|vowel_team|contrast_letter
590,salt,salt,4,1,single_syllable_like,final_cluster|final_consonant|short_vowel_like|contrast_letter
591,same,same,4,1,single_syllable_like,cvc_e|contrast_letter
592,sat,sat,3,1,single_syllable_like,final_consonant|short_vowel_like
593,sauce,sauce,5,1,single_syllable_like,vowel_team
594,saw,saw,3,1,single_syllable_like,final_consonant|vowel_team
595,say,say,3,1,single_syllable_like,vowel_team
596,scar,scar,4,1,single_syllable_like,onset_cluster|final_consonant|r_controlled|contrast_letter
597,scare,scare,5,1,single_syllable_like,onset_cluster|cvc_e|r_controlled|contrast_letter
598,school,school,6,1,single_syllable_like,onset_cluster|final_consonant|vowel_team|digraph|contrast_letter
599,schoolhouse,schoolhouse,11,2,two_syllable_like,onset_cluster|vowel_team|digraph|contrast_letter|longer_word
600,seal,seal,4,1,single_syllable_like,final_consonant|vowel_team|contrast_letter
601,seat,seat,4,1,single_syllable_like,final_consonant|vowel_team
602,seats,seats,5,1,single_syllable_like,final_cluster|final_consonant|vowel_team
603,see,see,3,1,single_syllable_like,vowel_team
604,seed,seed,4,1,single_syllable_like,final_consonant|vowel_team|contrast_letter
605,seedless,seedless,8,2,two_syllable_like,final_cluster|final_consonant|vowel_team|contrast_letter|longer_word
606,sell,sell,4,1,single_syllable_like,final_cluster|final_consonant|short_vowel_like|contrast_letter
607,send,send,4,1,single_syllable_like,final_cluster|final_consonant|short_vowel_like|contrast_letter
608,serve,serve,5,1,single_syllable_like,r_controlled|contrast_letter
609,set,set,3,1,single_syllable_like,final_consonant|short_vowel_like
610,shaking,shaking,7,2,two_syllable_like,onset_cluster|final_cluster|final_consonant|digraph|contrast_letter|longer_word
611,share,share,5,1,single_syllable_like,onset_cluster|cvc_e|r_controlled|digraph|contrast_letter
612,shared,shared,6,2,two_syllable_like,onset_cluster|final_consonant|r_controlled|digraph|contrast_letter|longer_word
613,sharing,sharing,7,2,two_syllable_like,onset_cluster|final_cluster|final_consonant|r_controlled|digraph|contrast_letter|longer_word
614,she,she,3,1,single_syllable_like,onset_cluster|digraph|short_vowel_like
615,sheep,sheep,5,1,single_syllable_like,onset_cluster|final_consonant|vowel_team|digraph|contrast_letter
616,shield,shield,6,1,single_syllable_like,onset_cluster|final_cluster|final_consonant|vowel_team|digraph|contrast_letter
617,ship,ship,4,1,single_syllable_like,onset_cluster|final_consonant|digraph|short_vowel_like|contrast_letter
618,ships,ships,5,1,single_syllable_like,onset_cluster|final_cluster|final_consonant|digraph|short_vowel_like|contrast_letter
619,shirt,shirt,5,1,single_syllable_like,onset_cluster|final_cluster|final_consonant|r_controlled|digraph|contrast_letter
620,shoot,shoot,5,1,single_syllable_like,onset_cluster|final_consonant|vowel_team|digraph
621,shop,shop,4,1,single_syllable_like,onset_cluster|final_consonant|digraph|short_vowel_like|contrast_letter
622,shore,shore,5,1,single_syllable_like,onset_cluster|cvc_e|r_controlled|digraph|contrast_letter
623,shoreline,shoreline,9,3,multisyllable_like,onset_cluster|cvc_e|r_controlled|digraph|contrast_letter|longer_word
624,short,short,5,1,single_syllable_like,onset_cluster|final_cluster|final_consonant|r_controlled|digraph|contrast_letter
625,shot,shot,4,1,single_syllable_like,onset_cluster|final_consonant|digraph|short_vowel_like
626,should,should,6,1,single_syllable_like,onset_cluster|final_cluster|final_consonant|vowel_team|digraph|contrast_letter
627,shout,shout,5,1,single_syllable_like,onset_cluster|final_consonant|vowel_team|digraph
628,show,show,4,1,single_syllable_like,onset_cluster|final_consonant|vowel_team|digraph
629,showing,showing,7,2,two_syllable_like,onset_cluster|final_cluster|final_consonant|vowel_team|digraph|contrast_letter|longer_word
630,shy,shy,3,1,single_syllable_like,onset_cluster|digraph
631,side,side,4,1,single_syllable_like,cvc_e|contrast_letter
632,sigh,sigh,4,1,single_syllable_like,final_cluster|final_consonant|short_vowel_like
633,sight,sight,5,1,single_syllable_like,final_cluster|final_consonant|short_vowel_like
634,silly,silly,5,2,two_syllable_like,contrast_letter|longer_word
635,sing,sing,4,1,single_syllable_like,final_cluster|final_consonant|digraph|short_vowel_like|contrast_letter
636,singing,singing,7,2,two_syllable_like,final_cluster|final_consonant|digraph|contrast_letter|longer_word
637,sink,sink,4,1,single_syllable_like,final_cluster|final_consonant|digraph|short_vowel_like|contrast_letter
638,sir,sir,3,1,single_syllable_like,final_consonant|r_controlled|contrast_letter
639,sit,sit,3,1,single_syllable_like,final_consonant|short_vowel_like
640,sits,sits,4,1,single_syllable_like,final_cluster|final_consonant|short_vowel_like
641,skate,skate,5,1,single_syllable_like,onset_cluster|cvc_e
642,skid,skid,4,1,single_syllable_like,onset_cluster|final_consonant|short_vowel_like|contrast_letter
643,skies,skies,5,1,single_syllable_like,onset_cluster|final_consonant|vowel_team
644,skin,skin,4,1,single_syllable_like,onset_cluster|final_consonant|short_vowel_like|contrast_letter
645,skip,skip,4,1,single_syllable_like,onset_cluster|final_consonant|short_vowel_like|contrast_letter
646,skipping,skipping,8,2,two_syllable_like,onset_cluster|final_cluster|final_consonant|digraph|contrast_letter|longer_word
647,skit,skit,4,1,single_syllable_like,onset_cluster|final_consonant|short_vowel_like
648,skunk,skunk,5,1,single_syllable_like,onset_cluster|final_cluster|final_consonant|digraph|short_vowel_like|contrast_letter
649,sky,sky,3,1,single_syllable_like,onset_cluster
650,slam,slam,4,1,single_syllable_like,onset_cluster|final_consonant|short_vowel_like|contrast_letter
651,slap,slap,4,1,single_syllable_like,onset_cluster|final_consonant|short_vowel_like|contrast_letter
652,sled,sled,4,1,single_syllable_like,onset_cluster|final_consonant|short_vowel_like|contrast_letter
653,sledding,sledding,8,2,two_syllable_like,onset_cluster|final_cluster|final_consonant|digraph|contrast_letter|longer_word
654,sleep,sleep,5,1,single_syllable_like,onset_cluster|final_consonant|vowel_team|contrast_letter
655,sleepy,sleepy,6,2,two_syllable_like,onset_cluster|vowel_team|contrast_letter|longer_word
656,slide,slide,5,1,single_syllable_like,onset_cluster|cvc_e|contrast_letter
657,slip,slip,4,1,single_syllable_like,onset_cluster|final_consonant|short_vowel_like|contrast_letter
658,slipping,slipping,8,2,two_syllable_like,onset_cluster|final_cluster|final_consonant|digraph|contrast_letter|longer_word
659,slow,slow,4,1,single_syllable_like,onset_cluster|final_consonant|vowel_team|contrast_letter
660,small,small,5,1,single_syllable_like,onset_cluster|final_cluster|final_consonant|short_vowel_like|contrast_letter
661,smart,smart,5,1,single_syllable_like,onset_cluster|final_cluster|final_consonant|r_controlled|contrast_letter
662,smartest,smartest,8,2,two_syllable_like,onset_cluster|final_cluster|final_consonant|r_controlled|contrast_letter|longer_word
663,smashed,smashed,7,2,two_syllable_like,onset_cluster|final_consonant|digraph|contrast_letter|longer_word
664,smashing,smashing,8,2,two_syllable_like,onset_cluster|final_cluster|final_consonant|digraph|contrast_letter|longer_word
665,smell,smell,5,1,single_syllable_like,onset_cluster|final_cluster|final_consonant|short_vowel_like|contrast_letter
666,smelled,smelled,7,2,two_syllable_like,onset_cluster|final_consonant|contrast_letter|longer_word
667,smelling,smelling,8,2,two_syllable_like,onset_cluster|final_cluster|final_consonant|digraph|contrast_letter|longer_word
668,smile,smile,5,2,two_syllable_like,onset_cluster|cvc_e|contrast_letter|longer_word
669,snack,snack,5,1,single_syllable_like,onset_cluster|final_cluster|final_consonant|digraph|short_vowel_like|contrast_letter
670,snap,snap,4,1,single_syllable_like,onset_cluster|final_consonant|short_vowel_like|contrast_letter
671,snow,snow,4,1,single_syllable_like,onset_cluster|final_consonant|vowel_team|contrast_letter
672,snowing,snowing,7,2,two_syllable_like,onset_cluster|final_cluster|final_consonant|vowel_team|digraph|contrast_letter|longer_word
673,snows,snows,5,1,single_syllable_like,onset_cluster|final_cluster|final_consonant|vowel_team|contrast_letter
674,snowstorm,snowstorm,9,2,two_syllable_like,onset_cluster|final_cluster|final_consonant|vowel_team|r_controlled|contrast_letter|longer_word
675,so,so,2,1,single_syllable_like,short_vowel_like
676,soaking,soaking,7,2,two_syllable_like,final_cluster|final_consonant|vowel_team|digraph|contrast_letter|longer_word
677,soar,soar,4,1,single_syllable_like,final_consonant|vowel_team|contrast_letter
678,sock,sock,4,1,single_syllable_like,final_cluster|final_consonant|digraph|short_vowel_like
679,socks,socks,5,1,single_syllable_like,final_cluster|final_consonant|digraph|short_vowel_like
680,soil,soil,4,1,single_syllable_like,final_consonant|vowel_team|contrast_letter
681,sold,sold,4,1,single_syllable_like,final_cluster|final_consonant|short_vowel_like|contrast_letter
682,some,some,4,1,single_syllable_like,cvc_e|contrast_letter
683,somehow,somehow,7,3,multisyllable_like,final_consonant|vowel_team|contrast_letter|longer_word
684,song,song,4,1,single_syllable_like,final_cluster|final_consonant|digraph|short_vowel_like|contrast_letter
685,songs,songs,5,1,single_syllable_like,final_cluster|final_consonant|digraph|short_vowel_like|contrast_letter
686,soon,soon,4,1,single_syllable_like,final_consonant|vowel_team|contrast_letter
687,sore,sore,4,1,single_syllable_like,cvc_e|r_controlled|contrast_letter
688,sort,sort,4,1,single_syllable_like,final_cluster|final_consonant|r_controlled|contrast_letter
689,sound,sound,5,1,single_syllable_like,final_cluster|final_consonant|vowel_team|contrast_letter
690,south,south,5,1,single_syllable_like,final_cluster|final_consonant|vowel_team|digraph
691,speed,speed,5,1,single_syllable_like,onset_cluster|final_consonant|vowel_team|contrast_letter
692,spell,spell,5,1,single_syllable_like,onset_cluster|final_cluster|final_consonant|short_vowel_like|contrast_letter
693,spelled,spelled,7,2,two_syllable_like,onset_cluster|final_consonant|contrast_letter|longer_word
694,spelling,spelling,8,2,two_syllable_like,onset_cluster|final_cluster|final_consonant|digraph|contrast_letter|longer_word
695,spend,spend,5,1,single_syllable_like,onset_cluster|final_cluster|final_consonant|short_vowel_like|contrast_letter
696,spill,spill,5,1,single_syllable_like,onset_cluster|final_cluster|final_consonant|short_vowel_like|contrast_letter
697,spin,spin,4,1,single_syllable_like,onset_cluster|final_consonant|short_vowel_like|contrast_letter
698,spoil,spoil,5,1,single_syllable_like,onset_cluster|final_consonant|vowel_team|contrast_letter
699,spoon,spoon,5,1,single_syllable_like,onset_cluster|final_consonant|vowel_team|contrast_letter
700,sports,sports,6,1,single_syllable_like,onset_cluster|final_cluster|final_consonant|r_controlled|contrast_letter
701,spot,spot,4,1,single_syllable_like,onset_cluster|final_consonant|short_vowel_like|contrast_letter
702,spring,spring,6,1,single_syllable_like,onset_cluster|final_cluster|final_consonant|digraph|short_vowel_like|contrast_letter
703,springing,springing,9,2,two_syllable_like,onset_cluster|final_cluster|final_consonant|digraph|contrast_letter|longer_word
704,spy,spy,3,1,single_syllable_like,onset_cluster|contrast_letter
705,square,square,6,1,single_syllable_like,onset_cluster|short_vowel_like|contrast_letter
706,stairs,stairs,6,1,single_syllable_like,onset_cluster|final_cluster|final_consonant|vowel_team|contrast_letter
707,star,star,4,1,single_syllable_like,onset_cluster|final_consonant|r_controlled|contrast_letter
708,stare,stare,5,1,single_syllable_like,onset_cluster|cvc_e|r_controlled|contrast_letter
709,start,start,5,1,single_syllable_like,onset_cluster|final_cluster|final_consonant|r_controlled|contrast_letter
710,stay,stay,4,1,single_syllable_like,onset_cluster|vowel_team
711,stem,stem,4,1,single_syllable_like,onset_cluster|final_consonant|short_vowel_like|contrast_letter
712,step,step,4,1,single_syllable_like,onset_cluster|final_consonant|short_vowel_like|contrast_letter
713,steps,steps,5,1,single_syllable_like,onset_cluster|final_cluster|final_consonant|short_vowel_like|contrast_letter
714,sting,sting,5,1,single_syllable_like,onset_cluster|final_cluster|final_consonant|digraph|short_vowel_like|contrast_letter
715,stinging,stinging,8,2,two_syllable_like,onset_cluster|final_cluster|final_consonant|digraph|contrast_letter|longer_word
716,stir,stir,4,1,single_syllable_like,onset_cluster|final_consonant|r_controlled|contrast_letter
717,stone,stone,5,1,single_syllable_like,onset_cluster|cvc_e|contrast_letter
718,stop,stop,4,1,single_syllable_like,onset_cluster|final_consonant|short_vowel_like|contrast_letter
719,stopping,stopping,8,2,two_syllable_like,onset_cluster|final_cluster|final_consonant|digraph|contrast_letter|longer_word
720,store,store,5,1,single_syllable_like,onset_cluster|cvc_e|r_controlled|contrast_letter
721,storm,storm,5,1,single_syllable_like,onset_cluster|final_cluster|final_consonant|r_controlled|contrast_letter
722,straw,straw,5,1,single_syllable_like,onset_cluster|final_consonant|vowel_team|contrast_letter
723,stray,stray,5,1,single_syllable_like,onset_cluster|vowel_team|contrast_letter
724,street,street,6,1,single_syllable_like,onset_cluster|final_consonant|vowel_team|contrast_letter
725,string,string,6,1,single_syllable_like,onset_cluster|final_cluster|final_consonant|digraph|short_vowel_like|contrast_letter
726,strip,strip,5,1,single_syllable_like,onset_cluster|final_consonant|short_vowel_like|contrast_letter
727,strong,strong,6,1,single_syllable_like,onset_cluster|final_cluster|final_consonant|digraph|short_vowel_like|contrast_letter
728,struck,struck,6,1,single_syllable_like,onset_cluster|final_cluster|final_consonant|digraph|short_vowel_like|contrast_letter
729,stuck,stuck,5,1,single_syllable_like,onset_cluster|final_cluster|final_consonant|digraph|short_vowel_like
730,stuff,stuff,5,1,single_syllable_like,onset_cluster|final_cluster|final_consonant|short_vowel_like|contrast_letter
731,such,such,4,1,single_syllable_like,final_cluster|final_consonant|digraph|short_vowel_like
732,summer,summer,6,2,two_syllable_like,final_consonant|r_controlled|contrast_letter|longer_word
733,sun,sun,3,1,single_syllable_like,final_consonant|short_vowel_like|contrast_letter
734,sunny,sunny,5,2,two_syllable_like,contrast_letter|longer_word
735,swim,swim,4,1,single_syllable_like,onset_cluster|final_consonant|short_vowel_like|contrast_letter
736,switching,switching,9,2,two_syllable_like,onset_cluster|final_cluster|final_consonant|digraph|contrast_letter|longer_word
737,tail,tail,4,1,single_syllable_like,final_consonant|vowel_team|contrast_letter
738,take,take,4,1,single_syllable_like,cvc_e
739,talk,talk,4,1,single_syllable_like,final_cluster|final_consonant|short_vowel_like|contrast_letter
740,talking,talking,7,2,two_syllable_like,final_cluster|final_consonant|digraph|contrast_letter|longer_word
741,tall,tall,4,1,single_syllable_like,final_cluster|final_consonant|short_vowel_like|contrast_letter
742,tan,tan,3,1,single_syllable_like,final_consonant|short_vowel_like|contrast_letter
743,tap,tap,3,1,single_syllable_like,final_consonant|short_vowel_like|contrast_letter
744,tape,tape,4,1,single_syllable_like,cvc_e|contrast_letter
745,taping,taping,6,2,two_syllable_like,final_cluster|final_consonant|digraph|contrast_letter|longer_word
746,tapping,tapping,7,2,two_syllable_like,final_cluster|final_consonant|digraph|contrast_letter|longer_word
747,target,target,6,2,two_syllable_like,final_consonant|r_controlled|contrast_letter|longer_word
748,teachers,teachers,8,2,two_syllable_like,final_cluster|final_consonant|vowel_team|r_controlled|digraph|contrast_letter|longer_word
749,team,team,4,1,single_syllable_like,final_consonant|vowel_team|contrast_letter
750,teeth,teeth,5,1,single_syllable_like,final_cluster|final_consonant|vowel_team|digraph
751,tell,tell,4,1,single_syllable_like,final_cluster|final_consonant|short_vowel_like|contrast_letter
752,that,that,4,1,single_syllable_like,onset_cluster|final_consonant|digraph|short_vowel_like
753,the,the,3,1,single_syllable_like,onset_cluster|digraph|short_vowel_like
754,then,then,4,1,single_syllable_like,onset_cluster|final_consonant|digraph|short_vowel_like|contrast_letter
755,these,these,5,1,single_syllable_like,onset_cluster|cvc_e|digraph
756,thin,thin,4,1,single_syllable_like,onset_cluster|final_consonant|digraph|short_vowel_like|contrast_letter
757,thing,thing,5,1,single_syllable_like,onset_cluster|final_cluster|final_consonant|digraph|short_vowel_like|contrast_letter
758,think,think,5,1,single_syllable_like,onset_cluster|final_cluster|final_consonant|digraph|short_vowel_like|contrast_letter
759,thinking,thinking,8,2,two_syllable_like,onset_cluster|final_cluster|final_consonant|digraph|contrast_letter|longer_word
760,third,third,5,1,single_syllable_like,onset_cluster|final_cluster|final_consonant|r_controlled|digraph|contrast_letter
761,this,this,4,1,single_syllable_like,onset_cluster|final_consonant|digraph|short_vowel_like
762,thorn,thorn,5,1,single_syllable_like,onset_cluster|final_cluster|final_consonant|r_controlled|digraph|contrast_letter
763,throat,throat,6,1,single_syllable_like,onset_cluster|final_consonant|vowel_team|digraph|contrast_letter
764,thundercloud,thundercloud,12,3,multisyllable_like,onset_cluster|final_consonant|vowel_team|r_controlled|digraph|contrast_letter|longer_word
765,tick,tick,4,1,single_syllable_like,final_cluster|final_consonant|digraph|short_vowel_like
766,tie,tie,3,1,single_syllable_like,vowel_team
767,tight,tight,5,1,single_syllable_like,final_cluster|final_consonant|short_vowel_like
768,time,time,4,1,single_syllable_like,cvc_e|contrast_letter
769,tin,tin,3,1,single_syllable_like,final_consonant|short_vowel_like|contrast_letter
770,tip,tip,3,1,single_syllable_like,final_consonant|short_vowel_like|contrast_letter
771,tiptoe,tiptoe,6,2,two_syllable_like,vowel_team|contrast_letter|longer_word
772,to,to,2,1,single_syllable_like,short_vowel_like
773,toad,toad,4,1,single_syllable_like,final_consonant|vowel_team|contrast_letter
774,toast,toast,5,1,single_syllable_like,final_cluster|final_consonant|vowel_team
775,toe,toe,3,1,single_syllable_like,vowel_team
776,toes,toes,4,1,single_syllable_like,final_consonant|vowel_team
777,told,told,4,1,single_syllable_like,final_cluster|final_consonant|short_vowel_like|contrast_letter
778,too,too,3,1,single_syllable_like,vowel_team
779,took,took,4,1,single_syllable_like,final_consonant|vowel_team
780,tooth,tooth,5,1,single_syllable_like,final_cluster|final_consonant|vowel_team|digraph
781,toothbrush,toothbrush,10,2,two_syllable_like,final_cluster|final_consonant|vowel_team|digraph|contrast_letter|longer_word
782,top,top,3,1,single_syllable_like,final_consonant|short_vowel_like|contrast_letter
783,tore,tore,4,1,single_syllable_like,cvc_e|r_controlled|contrast_letter
784,torn,torn,4,1,single_syllable_like,final_cluster|final_consonant|r_controlled|contrast_letter
785,tornado,tornado,7,3,multisyllable_like,r_controlled|contrast_letter|longer_word
786,town,town,4,1,single_syllable_like,final_cluster|final_consonant|vowel_team|contrast_letter
787,toy,toy,3,1,single_syllable_like,vowel_team
788,toys,toys,4,1,single_syllable_like,final_consonant|vowel_team
789,track,track,5,1,single_syllable_like,onset_cluster|final_cluster|final_consonant|digraph|short_vowel_like|contrast_letter
790,trail,trail,5,1,single_syllable_like,onset_cluster|final_consonant|vowel_team|contrast_letter
791,train,train,5,1,single_syllable_like,onset_cluster|final_consonant|vowel_team|contrast_letter
792,trap,trap,4,1,single_syllable_like,onset_cluster|final_consonant|short_vowel_like|contrast_letter
793,trapping,trapping,8,2,two_syllable_like,onset_cluster|final_cluster|final_consonant|digraph|contrast_letter|longer_word
794,trash,trash,5,1,single_syllable_like,onset_cluster|final_cluster|final_consonant|digraph|short_vowel_like|contrast_letter
795,tray,tray,4,1,single_syllable_like,onset_cluster|vowel_team|contrast_letter
796,trick,trick,5,1,single_syllable_like,onset_cluster|final_cluster|final_consonant|digraph|short_vowel_like|contrast_letter
797,tricking,tricking,8,2,two_syllable_like,onset_cluster|final_cluster|final_consonant|digraph|contrast_letter|longer_word
798,tricky,tricky,6,2,two_syllable_like,onset_cluster|digraph|contrast_letter|longer_word
799,tried,tried,5,1,single_syllable_like,onset_cluster|final_consonant|vowel_team|contrast_letter
800,tries,tries,5,1,single_syllable_like,onset_cluster|final_consonant|vowel_team|contrast_letter
801,trim,trim,4,1,single_syllable_like,onset_cluster|final_consonant|short_vowel_like|contrast_letter
802,trip,trip,4,1,single_syllable_like,onset_cluster|final_consonant|short_vowel_like|contrast_letter
803,truck,truck,5,1,single_syllable_like,onset_cluster|final_cluster|final_consonant|digraph|short_vowel_like|contrast_letter
804,try,try,3,1,single_syllable_like,onset_cluster|contrast_letter
805,turkey,turkey,6,2,two_syllable_like,r_controlled|contrast_letter|longer_word
806,turn,turn,4,1,single_syllable_like,final_cluster|final_consonant|r_controlled|contrast_letter
807,under,under,5,2,two_syllable_like,final_consonant|r_controlled|contrast_letter|longer_word
808,unit,unit,4,2,two_syllable_like,final_consonant|contrast_letter|longer_word
809,up,up,2,1,single_syllable_like,final_consonant|short_vowel_like|contrast_letter
810,us,us,2,1,single_syllable_like,final_consonant|short_vowel_like
811,use,use,3,1,single_syllable_like,short_vowel_like
812,valley,valley,6,2,two_syllable_like,contrast_letter|longer_word
813,van,van,3,1,single_syllable_like,final_consonant|short_vowel_like|contrast_letter
814,vase,vase,4,1,single_syllable_like,cvc_e|contrast_letter
815,verb,verb,4,1,single_syllable_like,final_cluster|final_consonant|r_controlled|contrast_letter
816,very,very,4,2,two_syllable_like,r_controlled|contrast_letter|longer_word
817,vet,vet,3,1,single_syllable_like,final_consonant|short_vowel_like|contrast_letter
818,view,view,4,1,single_syllable_like,final_consonant|vowel_team|contrast_letter
819,viewing,viewing,7,2,two_syllable_like,final_cluster|final_consonant|vowel_team|digraph|contrast_letter|longer_word
820,voice,voice,5,1,single_syllable_like,vowel_team|contrast_letter
821,wait,wait,4,1,single_syllable_like,final_consonant|vowel_team
822,walk,walk,4,1,single_syllable_like,final_cluster|final_consonant|short_vowel_like|contrast_letter
823,walking,walking,7,2,two_syllable_like,final_cluster|final_consonant|digraph|contrast_letter|longer_word
824,wall,wall,4,1,single_syllable_like,final_cluster|final_consonant|short_vowel_like|contrast_letter
825,we,we,2,1,single_syllable_like,short_vowel_like
826,we'll,well,4,1,single_syllable_like,final_cluster|final_consonant|short_vowel_like|contrast_letter
827,wear,wear,4,1,single_syllable_like,final_consonant|vowel_team|contrast_letter
828,wearing,wearing,7,2,two_syllable_like,final_cluster|final_consonant|vowel_team|digraph|contrast_letter|longer_word
829,what,what,4,1,single_syllable_like,onset_cluster|final_consonant|digraph|short_vowel_like
830,wheat,wheat,5,1,single_syllable_like,onset_cluster|final_consonant|vowel_team|digraph
831,when,when,4,1,single_syllable_like,onset_cluster|final_consonant|digraph|short_vowel_like|contrast_letter
832,where,where,5,1,single_syllable_like,onset_cluster|cvc_e|r_controlled|digraph|contrast_letter
833,which,which,5,1,single_syllable_like,onset_cluster|final_cluster|final_consonant|digraph|short_vowel_like
834,whip,whip,4,1,single_syllable_like,onset_cluster|final_consonant|digraph|short_vowel_like|contrast_letter
835,whole,whole,5,2,two_syllable_like,onset_cluster|cvc_e|digraph|contrast_letter|longer_word
836,why,why,3,1,single_syllable_like,onset_cluster|digraph
837,wig,wig,3,1,single_syllable_like,final_consonant|short_vowel_like
838,wild,wild,4,1,single_syllable_like,final_cluster|final_consonant|short_vowel_like|contrast_letter
839,will,will,4,1,single_syllable_like,final_cluster|final_consonant|short_vowel_like|contrast_letter
840,win,win,3,1,single_syllable_like,final_consonant|short_vowel_like|contrast_letter
841,winking,winking,7,2,two_syllable_like,final_cluster|final_consonant|digraph|contrast_letter|longer_word
842,wish,wish,4,1,single_syllable_like,final_cluster|final_consonant|digraph|short_vowel_like
843,wishing,wishing,7,2,two_syllable_like,final_cluster|final_consonant|digraph|contrast_letter|longer_word
844,with,with,4,1,single_syllable_like,final_cluster|final_consonant|digraph|short_vowel_like
845,wood,wood,4,1,single_syllable_like,final_consonant|vowel_team|contrast_letter
846,would,would,5,1,single_syllable_like,final_cluster|final_consonant|vowel_team|contrast_letter
847,yard,yard,4,1,single_syllable_like,final_cluster|final_consonant|short_vowel_like|contrast_letter
848,yawn,yawn,4,1,single_syllable_like,final_cluster|final_consonant|vowel_team|contrast_letter
849,yelled,yelled,6,2,two_syllable_like,final_consonant|contrast_letter|longer_word
850,yelling,yelling,7,2,two_syllable_like,final_cluster|final_consonant|digraph|contrast_letter|longer_word
851,yes,yes,3,1,single_syllable_like,final_consonant|short_vowel_like
852,yet,yet,3,1,single_syllable_like,final_consonant|short_vowel_like
853,you,you,3,1,single_syllable_like,vowel_team
854,your,your,4,1,single_syllable_like,final_consonant|vowel_team|contrast_letter
855,zap,zap,3,1,single_syllable_like,final_consonant|short_vowel_like|contrast_letter
856,zip,zip,3,1,single_syllable_like,final_consonant|short_vowel_like|contrast_letter
